Annual Distance (miles/vehicle),2020.0
LDVs,11173.107837343
HDVs,22396.077012089
aircraft,0.0
rail,12389.361942371
ships,0.0
motorbikes,0.0
