Annual Distance (miles/vehicle),2020.0
LDVs,12380.097359485
HDVs,11169.912826266
aircraft,234533.848370064
rail,0.0
ships,226.237649561
motorbikes,2440.801033666
