Annual Distance (miles/vehicle),2020.0
LDVs,10856.491011593
HDVs,23919.836784513
aircraft,0.0
rail,12761.810687452
ships,0.0
motorbikes,0.0
