Annual Distance (miles/vehicle),2020.0
LDVs,12339.89869189
HDVs,11683.780353268
aircraft,1211666.395280626
rail,0.0
ships,225.703185373
motorbikes,2432.308242778
