Annual Distance (miles/vehicle),2020.0
LDVs,11136.336733152
HDVs,23426.454016365
aircraft,0.0
rail,12959.527119973
ships,0.0
motorbikes,0.0
