Annual Distance (miles/vehicle),2020.0
LDVs,12443.588334641
HDVs,6510.086543113
aircraft,1407163.599640934
rail,0.0
ships,212.635967314
motorbikes,2115.399056272
