Unit: dimensionless (ratio of electricity demand in this hour to annual demand),Hour0,Hour1,Hour2,Hour3,Hour4,Hour5,Hour6,Hour7,Hour8,Hour9,Hour10,Hour11,Hour12,Hour13,Hour14,Hour15,Hour16,Hour17,Hour18,Hour19,Hour20,Hour21,Hour22,Hour23
Winter,0.0,0.0,0,0,0,0,0,0,0,0,0,0,0.0,0.0,0,0,0.0,0.0,0.0,0.0,0.0,0.0,0.0,0.0
Spring,0.0,0.0,0,0,0,0,0,0,0,0,0,0,0.0,0.0,0,0,0.0,0.0,0.0,0.0,0.0,0.0,0.0,0.0
Summer,0.0014820352963166178,0.0002897143856306488,0,0,0,0,0,0,0,0,0,0,0.0,0.0,0,0,0.0,0.00015782047958131596,0.0003644793883740421,0.000185405147932205,3.240821691497893e-05,0.00026001941478297045,0.0012123687844054678,0.001576094493316371
Fall,0.0006792900645871176,0.0,0,0,0,0,0,0,0,0,0,0,8.661630341622885e-05,0.00024257111744124983,0,0,0.00020710617431019546,0.0,0.0,0.0,0.0003289600814784334,0.0013335727974792611,0.0028249191240159047,0.0023043119460023505
Summer Peak,0.0,0.0,0,0,0,0,0,0,0,0,0,0,0.0,0.0,0,0,0.0,0.0,0.0,0.0,0.0,0.0,0.0,0.0
Winter Peak,0.0,0.0,0,0,0,0,0,0,0,0,0,0,0.0,0.0,0,0,0.0,0.0,0.0,0.0,0.0,0.0,0.0,0.0
