solar pv,Hour0,Hour1,Hour2,Hour3,Hour4,Hour5,Hour6,Hour7,Hour8,Hour9,Hour10,Hour11,Hour12,Hour13,Hour14,Hour15,Hour16,Hour17,Hour18,Hour19,Hour20,Hour21,Hour22,Hour23
Winter,0,0,0,0.0,0.0,0.0,0.012375985078471843,0.11703981550973103,0.22819840185939808,0.24069900956065854,0.2307244065597678,0.2282319541039951,0.23136669238490948,0.24179664727675854,0.1850837675523284,0.054728504115411046,0.003427122126687594,0.0,0.0,0,0,0,0,0
Spring,0,0,0,2.995736124726918e-05,0.022240344989972637,0.11301114956919824,0.24809488290538456,0.3571157119564467,0.4145859137732076,0.44490276335544393,0.4448728059941969,0.44122999086652875,0.427329775247796,0.40692881223840566,0.3798593406153732,0.31572063018497,0.18521438164736645,0.05322823946414789,0.0011863115053918597,0,0,0,0,0
Summer,0,0,0,0.0019007429205163892,0.0710877852273129,0.24188220825518075,0.3884548306659346,0.45807904384444986,0.4850822649352529,0.5038616049899547,0.49665145351146256,0.4823325235102387,0.47280980147845186,0.4620515965483292,0.4405035076394083,0.39103350522810176,0.30492351511897436,0.15076692845536002,0.02043298639555117,0,0,0,0,0
Fall,0,0,0,0.0,0.0001355447820368245,0.044729778072152095,0.19920564800011983,0.3176627511815018,0.3443018190111392,0.33760590677852,0.3294009293058909,0.32554242117724264,0.3205091916042751,0.3095119916216874,0.27902345198220446,0.19994662614192105,0.06431148091707199,0.0021325712373793716,0.0,0,0,0,0,0
Summer Peak,0,0,0,0.0,0.0038585081286482705,0.18300352838731798,0.09811634955705603,0.2860808169669218,0.24032993487009227,0.42498710959825947,0.4178213087879127,0.4999524103834259,0.4828647315279836,0.3489193779191936,0.472942853482888,0.4211286014696113,0.2684419226645297,0.05071182111937726,0.0,0,0,0,0,0
Winter Peak,0,0,0,0.0,0.0,0.0,0.0,0.1300868454801417,0.2899393250955701,0.2717492153462282,0.26623706087673066,0.27119799989927845,0.1885156828568155,0.18465717472816723,0.10858944304910131,0.02535591055968863,0.0,0.0,0.0,0,0,0,0,0
