solar pv,Hour0,Hour1,Hour2,Hour3,Hour4,Hour5,Hour6,Hour7,Hour8,Hour9,Hour10,Hour11,Hour12,Hour13,Hour14,Hour15,Hour16,Hour17,Hour18,Hour19,Hour20,Hour21,Hour22,Hour23
Winter,0,0,0,0.0,0.0,0.0,0.013077040319788836,0.12366970198629118,0.24112502423889487,0.2543337466068303,0.24379411806094314,0.24116047709801133,0.2444727870783143,0.25549356156935227,0.1955681002743324,0.057828677912993315,0.003621256324031378,0.0,0.0,0,0,0,0,0
Spring,0,0,0,3.165433849677778e-05,0.023500180900007824,0.11941282654524447,0.26214856969491496,0.3773450383523888,0.438070721324607,0.470104911883346,0.4700732575448495,0.4662240899836411,0.45153647692113635,0.4299798724048307,0.40137701213914223,0.3336050734175411,0.19570611319017833,0.056243428641074775,0.0012535118044724,0,0,0,0,0
Summer,0,0,0,0.002008413201174866,0.07511465372393993,0.255583969270843,0.4104594059241075,0.4840275814831428,0.5125604383611673,0.5324035607887748,0.5247849800456514,0.5096549339301337,0.499592783792248,0.48822516507359837,0.46545645408294584,0.4131841531670346,0.3221963404431427,0.1593073351171904,0.021590441912629793,0,0,0,0,0
Fall,0,0,0,0.0,0.0001432229086083716,0.04726355984076264,0.21048993468477023,0.3356572086145796,0.3638052842530784,0.35673007256782474,0.34806031250006464,0.3439832337016797,0.3386648896953554,0.3270447377102629,0.29482913146728656,0.21127288658516258,0.06795449603771872,0.002253373762105046,0.0,0,0,0,0,0
Summer Peak,0,0,0,0.0,0.004077078798384978,0.19337002300911613,0.1036742894446466,0.3022862709088291,0.2539437651565501,0.4490611076506883,0.441489389882259,0.528272924305025,0.510217289626463,0.36868441133967017,0.49973337271633017,0.4449840288523034,0.2836481964019264,0.05358446420734542,0.0,0,0,0,0,0
Winter Peak,0,0,0,0.0,0.0,0.0,0.0,0.13745579948840786,0.30636334970721407,0.2871428353719706,0.2813184370885635,0.2865603955436299,0.19919442129252324,0.19511734249413823,0.11474064618312009,0.02679223210367271,0.0,0.0,0.0,0,0,0,0,0
