solar pv dist,Hour0,Hour1,Hour2,Hour3,Hour4,Hour5,Hour6,Hour7,Hour8,Hour9,Hour10,Hour11,Hour12,Hour13,Hour14,Hour15,Hour16,Hour17,Hour18,Hour19,Hour20,Hour21,Hour22,Hour23
Winter,0,0,0,0.0,0.0,0.0,0.021970611916264093,0.14807266505636074,0.26670692431561976,0.2770179146537842,0.26506139291465375,0.26236413043478257,0.26365237520128826,0.3705766908212558,0.2650865539452496,0.0762328904991948,0.004624597423510466,0.0,0.0,0,0,0,0,0
Spring,0,0,0,6.290257648953301e-06,0.006044937600644121,0.026180052334943634,0.241640247584541,0.3451527274557163,0.39957603663446056,0.429278633252818,0.43000830314009664,0.4282218699677937,0.40857739533011284,0.4196482487922705,0.3916628925120771,0.3155696457326892,0.17601398953301123,0.10082653985507248,0.00322061191626409,0,0,0,0,0
Summer,0,0,0,0.0005587484035759894,0.01520593869731801,0.04503246062154108,0.3583772349936143,0.41974643465304384,0.4447969880800338,0.46618241805023425,0.4621447956577268,0.4448834610472539,0.4319524265644955,0.4428746275010643,0.419440453384419,0.36145035121328206,0.27754496594295436,0.1638130587484035,0.020414272030651347,0,0,0,0,0
Fall,0,0,0,0.0,0.0,0.0,0.22020150273224035,0.3330676988463873,0.35548535215543403,0.3468901791135397,0.33844679720704307,0.33857012750455373,0.3318533697632059,0.3580183667273831,0.31287947783849424,0.21654902853673336,0.06508993624772312,0.02110845476624165,0.0,0,0,0,0,0
Summer Peak,0,0,0,0.0,0.0,0.03761574074074074,0.04687499999999999,0.3055555555555555,0.22569444444444442,0.45486111111111105,0.4155092592592592,0.4774305555555555,0.4774305555555555,0.28703703703703703,0.5138888888888888,0.33912037037037035,0.2366898148148148,0.05150462962962963,0.0,0,0,0,0,0
Winter Peak,0,0,0,0.0,0.0,0.0,0.0,0.18402777777777776,0.2534722222222222,0.2725694444444444,0.2934027777777778,0.3125,0.15162037037037035,0.29398148148148145,0.14641203703703703,0.046296296296296294,0.0,0.0,0.0,0,0,0,0,0
