Unit: dimensionless (ratio of electricity demand in this hour to annual demand),Hour0,Hour1,Hour2,Hour3,Hour4,Hour5,Hour6,Hour7,Hour8,Hour9,Hour10,Hour11,Hour12,Hour13,Hour14,Hour15,Hour16,Hour17,Hour18,Hour19,Hour20,Hour21,Hour22,Hour23
Winter,0,0,0,0.0,0.0,0.0,0.023046875,0.15354938271604943,0.27353877314814795,0.2842833719135802,0.2698881172839505,0.26780960648148144,0.26964216820987646,0.3783227237654319,0.27120949074074074,0.07896412037037032,0.004509066358024691,0.0,0.0,0,0,0,0,0
Spring,0,0,0,6.290257648953301e-06,0.006044937600644121,0.026180052334943634,0.241640247584541,0.3451527274557163,0.39957603663446056,0.429278633252818,0.43000830314009664,0.4282218699677937,0.40857739533011284,0.4196482487922705,0.3916628925120771,0.3155696457326892,0.17601398953301123,0.10082653985507248,0.00322061191626409,0,0,0,0,0
Summer,0,0,0,0.0005472524154589369,0.01514694041867955,0.04556662640901771,0.35892839170692425,0.4227745068438004,0.4468536131239934,0.46937273550724645,0.4649381038647344,0.4495521336553942,0.4372169384057971,0.4470360305958133,0.42700155998389694,0.3694331219806761,0.28419384057971014,0.16814487721417068,0.02158816425120773,0,0,0,0,0
Fall,0,0,0,0.0,0.0,0.0,0.22020150273224035,0.3330676988463873,0.35548535215543403,0.3468901791135397,0.33844679720704307,0.33857012750455373,0.3318533697632059,0.3580183667273831,0.31287947783849424,0.21654902853673336,0.06508993624772312,0.02110845476624165,0.0,0,0,0,0,0
Summer Peak,0,0,0,0.0,0.0,0.03761574074074074,0.04687499999999999,0.3055555555555555,0.22569444444444442,0.45486111111111105,0.4155092592592592,0.4774305555555555,0.4774305555555555,0.28703703703703703,0.5138888888888888,0.33912037037037035,0.2366898148148148,0.05150462962962963,0.0,0,0,0,0,0
Winter Peak,0,0,0,0.0,0.0,0.0,0.0,0.18402777777777776,0.2534722222222222,0.2725694444444444,0.2934027777777778,0.3125,0.15162037037037035,0.29398148148148145,0.14641203703703703,0.046296296296296294,0.0,0.0,0.0,0,0,0,0,0
