Unit: dimensionless (ratio of electricity demand in this hour to annual demand),Hour0,Hour1,Hour2,Hour3,Hour4,Hour5,Hour6,Hour7,Hour8,Hour9,Hour10,Hour11,Hour12,Hour13,Hour14,Hour15,Hour16,Hour17,Hour18,Hour19,Hour20,Hour21,Hour22,Hour23
Winter,0,0,0,0.0,0.0,0.0,0.0179137886927603,0.16786902020977235,0.3252814018930671,0.3435469429521616,0.32735354310565357,0.32382322844717304,0.32937452033768244,0.34390509081606546,0.26387822972627273,0.07958557175748261,0.004623944742900996,0.0,0.0,0,0,0,0,0
Spring,0,0,0,4.170976675898428e-05,0.030965330841869927,0.15734592412159226,0.34542360439120434,0.4972137875805001,0.5772298041309352,0.6194400880910271,0.6193983783242685,0.6143264706863757,0.5949731389102072,0.5665687877473389,0.5288798425039206,0.4395792318729354,0.25787480396409623,0.07410991357736328,0.0016517067636557775,0,0,0,0,0
Summer,0,0,0,0.002569321632353431,0.09891888284560706,0.33962594681170555,0.5423437552137209,0.6417881811204912,0.6784677500083421,0.7060462477893825,0.6962194267409656,0.6784677500083416,0.6658296906803698,0.6501134505655846,0.6225099269244886,0.5549901564950448,0.4342320397744336,0.21518902866295164,0.030047715973172247,0,0,0,0,0
Fall,0,0,0,0.0,0.00018871960041769937,0.062277468137840804,0.27735490608054564,0.4422832555389201,0.4793729476743455,0.47005019941371107,0.45862637293509295,0.4532541549765358,0.4462463671476918,0.43093491690046914,0.3884855881131814,0.2783865732294956,0.08954115974485109,0.002969188379905136,0.0,0,0,0,0,0
Summer Peak,0,0,0,0.0,0.005372217958557175,0.2547966231772832,0.13660782808902533,0.39831158864159627,0.3346124328472755,0.5917114351496545,0.5817344589409055,0.6960859554873369,0.6722947045280122,0.48580199539524166,0.6584804297774366,0.5863392171910975,0.3737528779739064,0.07060629316960858,0.0,0,0,0,0,0
Winter Peak,0,0,0,0.0,0.0,0.0,0.0,0.18112049117421336,0.40368380660015346,0.3783576362240982,0.3706830391404451,0.3775901765157329,0.2624712202609363,0.2570990023023791,0.1511895625479662,0.03530314658480429,0.0,0.0,0.0,0,0,0,0,0
